time,open,high,low,close,volume
2021-01-15 19:30:00,306.434872089,306.434872089,306.434872089,306.434872089,183
2021-01-15 19:00:00,307.063671416,307.063671416,307.063671416,307.063671416,100
2021-01-15 18:15:00,307.2034046,307.2034046,307.2034046,307.2034046,704
2021-01-15 18:00:00,306.963861999,307.163480833,306.963861999,307.163480833,1529
2021-01-15 17:30:00,307.123557067,307.183442717,306.834109757,306.834109757,1557
2021-01-15 17:00:00,306.844090699,306.963861999,306.654452807,306.654452807,7749
2021-01-15 16:45:00,306.903976349,307.133538008,306.814147874,306.814147874,5249
2021-01-15 16:30:00,306.884014466,307.103595183,306.884014466,306.903976349,2451
2021-01-15 16:15:00,307.512813793,307.532775676,306.834109757,306.933919174,79319
2021-01-15 16:00:00,307.582680385,307.882108636,307.273271192,307.532775676,289184
2021-01-15 15:45:00,308.251403479,308.301308187,307.602642268,307.602642268,131937
2021-01-15 15:30:00,308.55083173,308.73048868,308.251403479,308.271365362,61578
2021-01-15 15:15:00,308.301308187,308.590755497,307.922032403,308.461003255,84045
2021-01-15 15:00:00,308.480965138,308.620698322,308.211479712,308.261384421,73758
2021-01-15 14:45:00,308.241422537,308.570793613,308.241422537,308.49094608,70612
2021-01-15 14:30:00,308.221460654,308.341231954,308.071746528,308.231441595,140894
2021-01-15 14:15:00,308.311289129,308.49094608,308.001879936,308.211479712,57111
2021-01-15 14:00:00,308.500927021,308.640660205,308.111670295,308.321270071,68511
2021-01-15 13:45:00,308.44812784,308.560812672,308.321270071,308.527576136,53635
2021-01-15 13:30:00,308.241422537,308.680583972,308.181536887,308.441041371,68485
2021-01-15 13:15:00,308.271365362,308.301407997,307.991898995,308.20149877,39706
2021-01-15 13:00:00,308.286336775,308.451022313,308.031822761,308.271365362,52823
2021-01-15 12:45:00,308.001879936,308.460803636,307.961357313,308.311289129,47778
2021-01-15 12:30:00,307.762337335,308.156584533,307.693468838,308.011860878,50694
2021-01-15 12:15:00,307.797270631,308.001879936,307.542756618,307.73239451,38018
2021-01-15 12:00:00,307.961956169,308.02184182,307.502832851,307.812242044,114391
2021-01-15 11:45:00,307.946984757,308.191517829,307.742375452,308.001879936,103879
2021-01-15 11:30:00,306.844090699,307.991898995,306.633892067,307.922032403,117210
2021-01-15 11:15:00,307.073652358,307.093614242,306.424891148,306.893995408,123023
2021-01-15 11:00:00,306.943900116,307.188433188,306.73430034,307.013766708,93114
2021-01-15 10:45:00,305.816053704,306.983823883,305.67632052,306.903976349,165741
2021-01-15 10:30:00,306.454833973,306.524700565,305.446758861,306.015772347,356117
2021-01-15 10:15:00,308.221460654,308.301308187,306.325081731,306.55464339,307805
2021-01-15 10:00:00,307.922032403,308.291327246,307.802261102,308.131632178,144448
2021-01-15 09:45:00,307.422985318,307.979822055,307.063671416,307.941994286,403983
2021-01-15 09:30:00,307.432966259,307.862146752,307.373080609,307.452928143,17580
2021-01-15 09:15:00,307.632585093,307.632585093,307.383061551,307.512813793,35206
2021-01-15 09:00:00,307.742375452,307.772318277,307.532775676,307.712432627,6258
2021-01-15 08:45:00,307.941994286,307.941994286,307.772318277,307.902070519,2890
2021-01-15 08:30:00,308.031822761,308.181536887,308.031822761,308.031822761,13354
2021-01-15 08:15:00,308.071846338,308.510907963,307.622604152,307.991898995,29753
2021-01-15 08:00:00,308.111670295,308.111670295,307.61262321,307.61262321,10757
2021-01-15 07:45:00,308.08172747,308.211479712,307.902070519,307.902070519,12786
2021-01-15 07:30:00,308.051784645,308.151594062,308.051784645,308.101689353,13996
2021-01-15 07:15:00,308.161575004,308.331251012,307.842184869,307.842184869,5654
2021-01-15 07:00:00,308.161575004,308.191517829,308.161575004,308.191517829,240
2021-01-15 06:30:00,308.071746528,308.071746528,307.912051461,307.912051461,1105
2021-01-15 05:15:00,308.570793613,308.570793613,308.570793613,308.570793613,100
2021-01-15 05:00:00,308.421079488,308.421079488,308.421079488,308.421079488,300
2021-01-15 04:30:00,308.431060429,308.431060429,308.431060429,308.431060429,1000
2021-01-15 04:15:00,308.371174779,308.371174779,308.371174779,308.371174779,100
2021-01-14 20:00:00,309.181444074,309.281212207,309.041768688,309.141536821,2515
2021-01-14 19:45:00,309.17146726,309.17146726,308.942000555,309.121583194,7205
2021-01-14 19:30:00,309.500702099,309.630400672,309.500702099,309.630400672,852
2021-01-14 19:15:00,309.440841219,309.440841219,309.271235393,309.271235393,3312
2021-01-14 19:00:00,309.660331112,309.660331112,309.630400672,309.630400672,264
2021-01-14 18:45:00,309.849890565,309.849890565,309.630400672,309.630400672,2406
2021-01-14 18:30:00,309.730168805,309.730168805,309.720191992,309.720191992,700
2021-01-14 18:15:00,309.540609352,309.730168805,309.540609352,309.720191992,2318
2021-01-14 18:00:00,309.780052872,309.839913751,309.780052872,309.780052872,787
2021-01-14 17:30:00,309.530632539,309.680284739,309.530632539,309.680284739,698
2021-01-14 17:00:00,309.281212207,309.281212207,309.131560007,309.221351327,3657
2021-01-14 16:45:00,309.470771659,309.470771659,309.420887593,309.420887593,721
2021-01-14 16:30:00,309.630400672,309.630400672,309.420887593,309.420887593,450
2021-01-14 16:15:00,309.321019692,310.27550142,309.281212207,309.390957153,684901
2021-01-14 16:00:00,309.839913751,310.019496391,309.17146726,309.331096273,503157
2021-01-14 15:45:00,309.839913751,310.129241337,309.710215178,309.829936938,248786
2021-01-14 15:30:00,309.999542764,310.059303876,309.41091078,309.859867378,242990
2021-01-14 15:15:00,310.328777603,310.458476176,309.800006498,309.939681884,116750
2021-01-14 15:00:00,310.508360242,310.578197935,310.149194964,310.328777603,86375
2021-01-14 14:45:00,310.608128375,310.717873321,310.408592109,310.527914796,41327
2021-01-14 14:30:00,310.757780575,310.897455961,310.468452989,310.588174749,42493
2021-01-14 14:15:00,310.767757388,310.917409587,310.648035628,310.737228339,39852
2021-01-14 14:00:00,311.067061787,311.096992227,310.757780575,310.781126318,31924
2021-01-14 13:45:00,310.917409587,311.126922667,310.857548708,311.037131347,42027
2021-01-14 13:30:00,310.977270467,311.13689948,310.747803761,310.917409587,87790
2021-01-14 13:15:00,311.096992227,311.206737173,310.977270467,310.977270467,26085
2021-01-14 13:00:00,310.857548708,311.19676036,310.697919695,311.096992227,46290
2021-01-14 12:45:00,311.04710816,311.144581626,310.787711015,310.867525521,42659
2021-01-14 12:30:00,311.246644426,311.246644426,311.027154534,311.037131347,31355
2021-01-14 12:15:00,311.04710816,311.306505306,310.977270467,311.216713986,43896
2021-01-14 12:00:00,311.19676036,311.246644426,311.007200907,311.027154534,45827
2021-01-14 11:45:00,311.027154534,311.186783546,310.917409587,311.171818326,54332
2021-01-14 11:30:00,311.176906501,311.2448486,311.057084974,311.0770386,31743
2021-01-14 11:15:00,311.087015413,311.200451781,310.817641454,311.19676036,41419
2021-01-14 11:00:00,311.037131347,311.146876293,310.887479147,311.096892459,41484
2021-01-14 10:45:00,311.256621239,311.316581887,310.667989255,311.067061787,76382
2021-01-14 10:30:00,311.326458933,311.436203879,311.216713986,311.256621239,41784
2021-01-14 10:15:00,311.466134319,311.485988177,310.967293654,311.286551679,83890
2021-01-14 10:00:00,311.286551679,311.426227066,311.0770386,311.396296626,104878
2021-01-14 09:45:00,310.867525521,311.544252767,310.578197935,311.271586459,281318
2021-01-14 09:30:00,311.007200907,311.037131347,310.977270467,310.977270467,9039
2021-01-14 09:15:00,311.0770386,311.146876293,311.01717772,311.146876293,6497
2021-01-14 09:00:00,310.967293654,311.027154534,310.967293654,311.027154534,355
2021-01-14 08:45:00,310.747803761,311.037131347,310.727850135,311.037131347,2307
2021-01-14 08:30:00,310.947340027,310.947340027,310.867525521,310.917409587,2524
2021-01-14 08:15:00,310.728249207,310.728249207,310.728249207,310.728249207,480
2021-01-14 08:00:00,310.827618268,310.837595081,310.827618268,310.837595081,672
2021-01-14 07:45:00,310.747803761,310.817641454,310.747803761,310.757780575,4600
2021-01-14 07:30:00,310.807664641,310.807664641,310.737826948,310.737826948,1346
2021-01-14 07:15:00,310.777734201,310.777734201,310.717873321,310.727850135,11954
2021-01-14 06:15:00,310.967293654,310.967293654,310.797687828,310.797687828,340
2021-01-14 05:30:00,311.126922667,311.126922667,311.126922667,311.126922667,190
2021-01-14 04:45:00,311.067061787,311.067061787,311.067061787,311.067061787,300
2021-01-14 04:15:00,309.101629567,311.087015413,309.101629567,311.087015413,1340
2021-01-13 20:00:00,310.687942882,310.687942882,310.687942882,310.687942882,310
2021-01-13 19:45:00,310.638058815,310.697919695,310.638058815,310.667989255,769
2021-01-13 19:30:00,310.638058815,310.667989255,310.638058815,310.667989255,1721
2021-01-13 19:15:00,310.179125403,310.328777603,310.179125403,310.328777603,202
2021-01-13 19:00:00,310.31880079,310.31880079,310.219032657,310.219032657,1276
2021-01-13 18:45:00,310.358708043,310.388638483,310.308823976,310.388638483,1191
2021-01-13 18:30:00,310.348731229,310.348731229,310.348731229,310.348731229,300
2021-01-13 18:15:00,310.238986283,310.538290682,310.238986283,310.478429802,2217
2021-01-13 17:15:00,310.278893536,310.278893536,310.278893536,310.278893536,500
2021-01-13 17:00:00,310.10928771,310.189102217,310.059403644,310.159171777,3637
2021-01-13 16:45:00,310.179125403,310.179125403,310.07935727,310.099310897,1461
2021-01-13 16:15:00,309.889797818,310.189102217,309.889797818,310.089334084,7631
2021-01-13 16:00:00,310.306329773,310.408592109,309.909751444,309.909751444,148845
2021-01-13 15:45:00,309.909751444,310.328777603,309.859867378,310.268916723,64180
2021-01-13 15:30:00,310.278893536,310.308823976,309.841510041,309.949658698,48880
2021-01-13 15:15:00,310.308823976,310.438522549,310.059403644,310.268916723,59744
2021-01-13 15:00:00,310.433534142,310.468452989,310.146900296,310.308823976,44493
2021-01-13 14:45:00,310.727850135,310.777734201,310.418568923,310.438522549,26862
2021-01-13 14:30:00,310.744511413,310.815546324,310.618105188,310.727850135,25810
2021-01-13 14:15:00,310.498383429,310.877502334,310.119264524,310.73772718,174731
2021-01-13 14:00:00,310.578197935,310.578197935,310.378661669,310.528313869,25023
2021-01-13 13:45:00,310.558144541,310.677966068,310.408592109,310.548267495,26124
2021-01-13 13:30:00,310.608128375,310.696922014,310.518337055,310.548267495,44990
2021-01-13 13:15:00,310.603439273,310.608128375,310.358708043,310.608128375,42968
2021-01-13 13:00:00,310.368684856,310.777734201,310.368684856,310.559641063,101977
2021-01-13 12:45:00,310.07935727,310.378661669,310.019496391,310.378661669,56985
2021-01-13 12:30:00,309.562059501,310.069380457,309.562059501,310.069380457,43943
2021-01-13 12:15:00,309.969612324,309.969612324,309.596479507,309.596479507,51381
2021-01-13 12:00:00,309.999542764,310.039350249,309.809983311,309.959635511,47829
2021-01-13 11:45:00,309.904763038,310.049426831,309.783844061,310.009519577,40016
2021-01-13 11:30:00,309.600470232,310.07935727,309.460794846,309.909751444,50525
2021-01-13 11:15:00,310.099310897,310.238986283,309.490725286,309.570539792,84056
2021-01-13 11:00:00,309.989565951,310.179025635,309.859867378,310.099310897,54041
2021-01-13 10:45:00,310.16914859,310.19907903,309.790029685,309.999542764,71951
2021-01-13 10:30:00,309.700238365,310.338754416,309.700238365,310.189102217,77106
2021-01-13 10:15:00,309.919728258,310.009519577,309.2013977,309.680284739,112298
2021-01-13 10:00:00,309.979589137,310.22900947,309.620623395,309.889797818,92038
2021-01-13 09:45:00,309.909751444,310.28887035,309.750122432,309.986672675,176014
2021-01-13 09:30:00,310.029473204,310.051422193,309.889797818,309.999542764,13348
2021-01-13 09:15:00,309.750122432,310.119264524,309.750122432,310.119264524,3239
2021-01-13 09:00:00,309.770076058,309.770076058,309.770076058,309.770076058,102
2021-01-13 08:45:00,309.660331112,309.819960125,309.660331112,309.809983311,889
2021-01-13 08:30:00,309.41091078,309.670307925,309.41091078,309.670307925,1923
2021-01-13 08:15:00,309.969512556,310.538290682,309.301165833,309.38098034,3758
2021-01-13 08:00:00,309.500702099,309.500702099,309.131560007,309.38098034,2118
2021-01-13 07:45:00,309.450818033,309.570539792,309.2013977,309.570539792,7727
2021-01-13 07:30:00,309.540609352,309.690261552,309.540609352,309.640377485,1171
2021-01-13 07:15:00,309.919728258,309.939681884,309.700238365,309.710215178,2402
2021-01-13 07:00:00,309.979589137,309.979589137,309.979589137,309.979589137,203
2021-01-13 05:45:00,309.720191992,309.750122432,309.720191992,309.740145618,1251
2021-01-13 05:30:00,310.378661669,310.378661669,310.378661669,310.378661669,200
2021-01-13 04:45:00,310.628082002,310.628082002,310.548267495,310.568221122,2100
2021-01-13 04:30:00,310.578197935,310.578197935,310.558244309,310.558244309,2000
2021-01-12 20:00:00,310.159171777,310.159171777,310.159171777,310.159171777,222
2021-01-12 19:45:00,310.328777603,310.328777603,310.328777603,310.328777603,100
2021-01-12 19:30:00,310.298847163,310.428545736,310.298847163,310.428545736,1415
2021-01-12 17:00:00,310.07935727,310.07935727,309.989565951,309.989565951,361
2021-01-12 16:45:00,309.979589137,310.149194964,309.979589137,310.029473204,6386
2021-01-12 16:30:00,309.999542764,309.999542764,309.909751444,309.979589137,1864
2021-01-12 16:15:00,309.979589137,310.129241337,309.879821004,310.029473204,17672
2021-01-12 16:00:00,310.15418337,310.528313869,309.919728258,310.009519577,178634
2021-01-12 15:45:00,310.059403644,310.16914859,309.939681884,310.119264524,63424
2021-01-12 15:30:00,310.009519577,310.248963096,309.899774631,310.039450017,75964
2021-01-12 15:15:00,309.969612324,310.298847163,309.929705071,310.009519577,102357
2021-01-12 15:00:00,309.610447045,309.949658698,309.440841219,309.862660886,64504
2021-01-12 14:45:00,309.989565951,310.22900947,309.570539792,309.608551451,73383
2021-01-12 14:30:00,310.039450017,310.219032657,309.949658698,309.989565951,46865
2021-01-12 14:15:00,309.928408085,310.248963096,309.859867378,310.119264524,109250
2021-01-12 14:00:00,309.700238365,309.979589137,309.600470232,309.929705071,55316
2021-01-12 13:45:00,309.610447045,310.049426831,309.530632539,309.690261552,79741
2021-01-12 13:30:00,309.530632539,309.660331112,309.091652754,309.610447045,56243
2021-01-12 13:15:00,309.420887593,309.540609352,309.23132814,309.530632539,58876
2021-01-12 13:00:00,309.420887593,309.540609352,309.211374514,309.371003526,46372
2021-01-12 12:45:00,309.071699127,309.620423859,308.802325168,309.41091078,75668
2021-01-12 12:30:00,308.403252637,309.16667839,308.193739557,309.141536821,128268
2021-01-12 12:15:00,309.221351327,309.221351327,308.345187583,308.44315989,164506
2021-01-12 12:00:00,309.29118902,309.341771463,308.882139675,309.23132814,55778
2021-01-12 11:45:00,309.710215178,309.710215178,309.2013977,309.258764377,64709
2021-01-12 11:30:00,310.278893536,310.308823976,309.640377485,309.690959929,57786
2021-01-12 11:15:00,309.909751444,310.309721889,309.740145618,310.270812318,44225
2021-01-12 11:00:00,309.819960125,309.949658698,309.540609352,309.879821004,38470
2021-01-12 10:45:00,309.889797818,309.949658698,309.590493419,309.737152574,57566
2021-01-12 10:30:00,309.390957153,310.149194964,309.38098034,309.859867378,118155
2021-01-12 10:15:00,309.480748473,309.640377485,309.111606381,309.460794846,71647
2021-01-12 10:00:00,309.021815061,309.530632539,308.672626596,309.490725286,120089
2021-01-12 09:45:00,309.460794846,309.690261552,308.542928023,308.942000555,202038
2021-01-12 09:30:00,309.770076058,309.770076058,309.560562979,309.560562979,2312
2021-01-12 09:15:00,309.470771659,309.700238365,309.38098034,309.460794846,6278
2021-01-12 09:00:00,309.849890565,309.919728258,309.331096273,309.550586166,12844
2021-01-12 08:45:00,310.089334084,310.089334084,310.049426831,310.049426831,2646
2021-01-12 08:30:00,309.939681884,310.049426831,309.879821004,309.879821004,2257
2021-01-12 08:15:00,310.13921815,310.248963096,310.07935727,310.07935727,1355
2021-01-12 07:45:00,310.149194964,310.22900947,310.149194964,310.149194964,3600
2021-01-12 07:30:00,310.049426831,310.049426831,309.979589137,309.979589137,1627
2021-01-12 07:15:00,310.149194964,310.238986283,310.119264524,310.119264524,6552
2021-01-12 06:15:00,310.089334084,310.089334084,310.059403644,310.059403644,300
2021-01-12 04:45:00,310.19907903,310.19907903,310.19907903,310.19907903,175
2021-01-12 04:30:00,310.07935727,310.07935727,310.07935727,310.07935727,200
2021-01-11 20:00:00,309.939681884,310.22900947,309.939681884,310.149194964,6014
2021-01-11 19:30:00,309.740145618,309.800006498,309.530632539,309.530632539,902
2021-01-11 19:15:00,309.809983311,309.809983311,309.809983311,309.809983311,100
2021-01-11 18:45:00,309.929705071,309.929705071,309.879821004,309.879821004,571
2021-01-11 18:30:00,309.630400672,309.780052872,309.630400672,309.700238365,2673
2021-01-11 18:15:00,309.620423859,309.620423859,309.41091078,309.41091078,913
2021-01-11 18:00:00,309.620423859,309.620423859,309.480748473,309.480748473,202
2021-01-11 17:00:00,309.460794846,309.460794846,309.450818033,309.450818033,383
2021-01-11 16:45:00,309.660331112,309.660331112,309.490725286,309.490725286,3518
2021-01-11 16:15:00,309.440841219,309.829936938,309.23132814,309.690261552,25659
2021-01-11 16:00:00,309.101629567,309.715203585,309.081675941,309.460794846,206709
2021-01-11 15:45:00,309.23132814,309.560562979,308.942000555,309.071699127,137893
2021-01-11 15:30:00,309.570539792,309.680284739,309.221351327,309.221351327,63626
2021-01-11 15:15:00,309.899774631,310.099310897,309.490725286,309.580516606,100047
2021-01-11 15:00:00,309.361026713,309.944770059,309.311142647,309.909751444,66306
2021-01-11 14:45:00,309.051745501,309.400933966,309.031791874,309.361924626,46951
2021-01-11 14:30:00,309.301165833,309.371003526,308.842232422,309.111606381,61985
2021-01-11 14:15:00,309.390957153,309.490725286,309.151513634,309.321219228,73518
2021-01-11 14:00:00,309.400933966,309.520655726,309.071699127,309.455806439,81526
2021-01-11 13:45:00,309.762393912,309.809983311,309.301165833,309.41091078,66526
2021-01-11 13:30:00,310.22900947,310.22900947,309.700238365,309.780052872,92758
2021-01-11 13:15:00,310.07935727,310.248963096,310.07935727,310.19907903,43292
2021-01-11 13:00:00,310.079257502,310.278893536,310.019496391,310.07935727,48932
2021-01-11 12:45:00,309.730168805,310.069380457,309.720191992,310.069380457,91736
2021-01-11 12:30:00,309.610447045,309.680284739,309.480748473,309.590493419,42996
2021-01-11 12:15:00,309.560562979,309.760099245,309.460794846,309.571138401,35317
2021-01-11 12:00:00,309.690261552,309.701934423,309.490725286,309.530632539,24995
2021-01-11 11:45:00,309.687567812,309.720191992,309.411010548,309.670307925,55138
2021-01-11 11:30:00,308.981907808,309.819960125,308.981907808,309.750122432,212407
2021-01-11 11:15:00,309.311142647,309.361026713,308.652672969,308.857197642,53602
2021-01-11 11:00:00,309.091652754,309.3510499,308.912070115,309.341073086,56998
2021-01-11 10:45:00,309.341073086,309.600470232,309.041768688,309.061722314,83707
2021-01-11 10:30:00,308.862186048,309.470771659,308.682603409,309.371003526,124985
2021-01-11 10:15:00,308.961954181,309.121583194,308.842232422,308.892216256,114269
2021-01-11 10:00:00,308.652672969,309.181444074,308.193739557,308.990188563,214438
2021-01-11 09:45:00,307.774713399,309.041768688,307.704875706,308.622742529,459768
2021-01-11 09:30:00,307.225988667,307.724829332,306.806962509,307.664968453,28648
2021-01-11 09:15:00,307.225988667,307.50533944,307.225988667,307.265895921,5418
2021-01-11 09:00:00,307.625061199,307.734806146,307.206035041,307.295826361,19432
2021-01-11 08:45:00,307.784690212,307.794667025,307.455455373,307.645014826,14676
2021-01-11 08:30:00,308.044087358,308.064040984,307.884458345,307.884458345,3887
2021-01-11 08:15:00,308.163809117,308.692580222,307.914388785,308.23364681,10184
2021-01-11 08:00:00,308.253600437,308.303484504,308.173785931,308.213693184,2480
2021-01-11 07:45:00,308.32343813,308.333414943,308.163809117,308.273554064,3051
2021-01-11 07:30:00,308.133878678,308.183762744,307.944319225,308.183762744,7400
2021-01-11 07:15:00,308.41322945,308.493043956,308.143855491,308.143855491,9499
2021-01-11 06:45:00,308.403252637,308.403252637,308.373322197,308.373322197,200
2021-01-11 06:30:00,308.123901864,308.35336857,308.123901864,308.35336857,200
2021-01-11 06:15:00,308.253600437,308.253600437,308.243623624,308.243623624,400
2021-01-11 06:00:00,308.632719342,308.702557035,308.632719342,308.652672969,800
2021-01-11 05:45:00,308.463113516,308.642696156,308.463113516,308.642696156,1150
2021-01-11 05:30:00,308.333414943,308.333414943,308.333414943,308.333414943,500
2021-01-11 04:30:00,308.632719342,308.742464289,308.612765716,308.742464289,2500
2021-01-11 04:15:00,308.882139675,308.882139675,308.772394729,308.772394729,1300
2021-01-08 20:00:00,310.528313869,310.528313869,310.528313869,310.528313869,600
2021-01-08 19:45:00,310.528313869,310.528313869,310.528313869,310.528313869,418
2021-01-08 18:45:00,310.578197935,310.578197935,310.578197935,310.578197935,1015
2021-01-08 18:30:00,310.578197935,310.578197935,310.578197935,310.578197935,102
2021-01-08 18:00:00,310.458476176,310.458476176,310.378661669,310.378661669,902
2021-01-08 17:45:00,310.578197935,310.578197935,310.578197935,310.578197935,1601
2021-01-08 17:30:00,310.777534665,310.777534665,310.777534665,310.777534665,450
2021-01-08 17:15:00,310.638058815,310.638058815,310.398615296,310.408592109,2741
2021-01-08 17:00:00,310.667989255,310.817641454,310.667989255,310.697919695,2349
2021-01-08 16:45:00,310.548267495,310.717873321,310.538290682,310.707896508,11264
2021-01-08 16:30:00,310.588174749,310.588174749,310.398615296,310.398615296,1007
2021-01-08 16:15:00,310.598151562,310.717873321,310.438522549,310.717873321,31947
2021-01-08 16:00:00,310.159171777,310.667989255,310.14670076,310.31880079,378925
2021-01-08 15:45:00,309.839913751,310.189102217,309.680284739,310.179125403,170970
2021-01-08 15:30:00,309.849890565,309.987570588,309.530632539,309.829936938,117397
2021-01-08 15:15:00,309.460794846,310.059403644,309.440841219,309.869844191,116676
2021-01-08 15:00:00,308.702557035,309.480748473,308.552904836,309.450818033,114795
2021-01-08 14:45:00,309.091652754,309.181444074,308.512997583,308.722510662,92207
2021-01-08 14:30:00,308.582835276,309.071699127,308.582835276,309.058829038,83420
2021-01-08 14:15:00,307.894435158,308.902093301,307.864504718,308.572858463,164906
2021-01-08 14:00:00,307.625061199,308.103948238,307.575177133,307.924365598,96434
2021-01-08 13:45:00,308.213693184,308.218681591,307.275872734,307.674945266,173553
2021-01-08 13:30:00,308.602788902,308.612765716,307.585153946,308.223570229,170101
2021-01-08 13:15:00,308.991884621,308.991884621,308.572858463,308.652672969,78206
2021-01-08 13:00:00,309.311142647,309.420887593,308.911970347,308.971831226,51397
2021-01-08 12:45:00,309.579917997,309.618927337,309.341172855,309.341172855,40991
2021-01-08 12:30:00,309.540609352,309.610447045,309.3510499,309.560562979,34888
2021-01-08 12:15:00,309.3510499,309.560562979,308.981907808,309.530632539,47676
2021-01-08 12:00:00,309.021815061,309.375991933,308.981907808,309.375991933,81318
2021-01-08 11:45:00,309.111606381,309.121583194,308.792348355,309.001861434,87089
2021-01-08 11:30:00,309.286200613,309.331096273,308.912070115,309.111606381,79012
2021-01-08 11:15:00,309.829936938,309.954647104,309.111606381,309.354741321,100253
2021-01-08 11:00:00,309.590493419,309.899774631,309.550586166,309.889797818,86922
2021-01-08 10:45:00,308.682603409,309.610447045,308.682603409,309.532627902,90916
2021-01-08 10:30:00,309.690261552,309.970610005,308.612765716,308.642696156,156577
2021-01-08 10:15:00,309.919728258,310.179125403,309.670307925,309.723783645,103646
2021-01-08 10:00:00,310.268916723,310.298847163,309.550586166,309.949658698,138830
2021-01-08 09:45:00,310.528313869,310.707896508,310.12425293,310.28887035,279631
2021-01-08 09:30:00,310.648035628,310.737826948,310.478429802,310.478429802,6294
2021-01-08 09:15:00,310.28887035,310.648035628,310.28887035,310.648035628,1589
2021-01-08 09:00:00,310.737826948,310.737826948,310.238986283,310.238986283,1534
2021-01-08 08:45:00,310.328777603,310.697919695,310.159171777,310.697919695,8552
2021-01-08 08:30:00,310.747803761,310.747803761,310.717873321,310.727850135,4619
2021-01-08 08:15:00,310.588174749,311.496064759,310.498383429,310.678065836,3056
2021-01-08 08:00:00,310.528313869,310.528313869,310.528313869,310.528313869,100
2021-01-08 07:45:00,310.558244309,310.558244309,310.548267495,310.548267495,4554
2021-01-08 07:30:00,310.697919695,310.697919695,310.608128375,310.608128375,601
2021-01-08 07:15:00,310.528313869,310.618105188,310.508360242,310.618105188,3900
2021-01-08 06:45:00,310.767757388,310.767757388,310.767757388,310.767757388,110
2021-01-08 06:30:00,310.947340027,310.947340027,310.927386401,310.927386401,300
2021-01-08 06:00:00,310.568221122,310.568221122,310.568221122,310.568221122,200
2021-01-08 05:45:00,310.737826948,310.737826948,310.737826948,310.737826948,100
2021-01-08 05:15:00,310.767757388,310.767757388,310.767757388,310.767757388,100
2021-01-08 05:00:00,310.787711015,310.787711015,310.648035628,310.648035628,200
2021-01-08 04:45:00,310.25893991,310.25893991,310.25893991,310.25893991,200
2021-01-07 20:00:00,310.07935727,310.31880079,310.07935727,310.268916723,3669
2021-01-07 19:45:00,310.268916723,310.278893536,310.119264524,310.119264524,520
2021-01-07 19:30:00,310.129241337,310.129241337,310.129241337,310.129241337,107
2021-01-07 19:15:00,309.790029685,309.909751444,309.790029685,309.909751444,603
2021-01-07 19:00:00,310.089334084,310.089334084,310.089334084,310.089334084,1500
2021-01-07 18:45:00,309.500702099,309.500702099,309.500702099,309.500702099,610
2021-01-07 18:30:00,309.530632539,309.530632539,309.530632539,309.530632539,504
2021-01-07 18:15:00,309.630400672,309.660331112,309.570539792,309.570539792,3467
2021-01-07 17:45:00,309.869744423,309.869744423,309.540609352,309.600470232,3216
2021-01-07 17:30:00,309.780052872,309.780052872,309.780052872,309.780052872,169
2021-01-07 17:15:00,309.540808889,309.540808889,309.540808889,309.540808889,401
2021-01-07 17:00:00,309.710215178,309.710215178,309.610447045,309.610447045,944
2021-01-07 16:45:00,309.680284739,309.829936938,309.650354299,309.710215178,5765
2021-01-07 16:30:00,309.680284739,309.680284739,309.580516606,309.680284739,1143
2021-01-07 16:15:00,309.800006498,309.869844191,309.550586166,309.770076058,107670
2021-01-07 16:00:00,310.249062865,310.368684856,309.680284739,309.740145618,273783
2021-01-07 15:45:00,310.129241337,310.338754416,309.979589137,310.248963096,73276
2021-01-07 15:30:00,309.959635511,310.278893536,309.919728258,310.119264524,52603
2021-01-07 15:15:00,310.248963096,310.448499362,309.809983311,309.969612324,103800
2021-01-07 15:00:00,310.049426831,310.238986283,309.859867378,310.238986283,40231
2021-01-07 14:45:00,309.819860357,310.049426831,309.790029685,310.039450017,85434
2021-01-07 14:30:00,309.889797818,309.979589137,309.730168805,309.750122432,38512
2021-01-07 14:15:00,309.886505469,310.039450017,309.768479768,309.88969805,76383
2021-01-07 14:00:00,309.879821004,309.879821004,309.560562979,309.879821004,30014
2021-01-07 13:45:00,309.580516606,309.939681884,309.580516606,309.859867378,60915
2021-01-07 13:30:00,309.879821004,310.029473204,309.540609352,309.570539792,76400
2021-01-07 13:15:00,310.248963096,310.388638483,309.819960125,309.869844191,72439
2021-01-07 13:00:00,309.753215244,310.22900947,309.753215244,310.129241337,50905
2021-01-07 12:45:00,309.620423859,309.740145618,309.510678912,309.730168805,48456
2021-01-07 12:30:00,309.999542764,310.119264524,309.540609352,309.610447045,98536
2021-01-07 12:15:00,310.248963096,310.328777603,309.919728258,309.969612324,46322
2021-01-07 12:00:00,310.548267495,310.667989255,310.13921815,310.209055843,116405
2021-01-07 11:45:00,310.488406616,310.707896508,310.358408738,310.578197935,50313
2021-01-07 11:30:00,310.578197935,310.816144932,310.388638483,310.428545736,73955
2021-01-07 11:15:00,310.927386401,311.256621239,310.488406616,310.533302275,97586
2021-01-07 11:00:00,310.937363214,311.10696904,310.737826948,310.937363214,98472
2021-01-07 10:45:00,310.518337055,310.927386401,310.438522549,310.927386401,171733
2021-01-07 10:30:00,309.929705071,310.508360242,309.929705071,310.498383429,126384
2021-01-07 10:15:00,309.440841219,310.283881943,309.29118902,309.879821004,888546
2021-01-07 10:00:00,308.752441102,309.450818033,308.342394075,309.38098034,229457
2021-01-07 09:45:00,309.001861434,309.3510499,308.562881649,308.693577903,762817
2021-01-07 09:30:00,308.922046928,309.17146726,308.882139675,309.011838248,29551
2021-01-07 09:15:00,308.612765716,308.882139675,308.612765716,308.882139675,22635
2021-01-07 09:00:00,308.832255608,308.832255608,308.403252637,308.612765716,24559
2021-01-07 08:45:00,308.812301982,308.852209235,308.762417915,308.822278795,24850
2021-01-07 08:30:00,308.732487475,308.852408771,308.732487475,308.732487475,12652
2021-01-07 08:15:00,308.103948238,308.981907808,307.994203291,308.802325168,11125
2021-01-07 08:00:00,309.041768688,309.081675941,308.892116488,308.892116488,2581
2021-01-07 07:45:00,308.602788902,308.782371542,308.602788902,308.782371542,993
2021-01-07 07:30:00,308.23364681,308.532951209,308.23364681,308.463113516,3694
2021-01-07 07:15:00,307.964272851,308.26357725,307.884458345,308.26357725,12488
2021-01-07 07:00:00,308.26357725,308.273554064,308.26357725,308.273554064,3200
2021-01-07 06:45:00,308.283530877,308.283530877,308.283530877,308.283530877,300
2021-01-07 06:30:00,308.173785931,308.273554064,308.173785931,308.26357725,1500
2021-01-07 06:15:00,307.924365598,307.924365598,307.924365598,307.924365598,100
2021-01-07 06:00:00,308.034110545,308.034110545,308.034110545,308.034110545,100
2021-01-07 05:45:00,308.38329901,308.38329901,308.38329901,308.38329901,110
2021-01-07 04:30:00,308.832255608,308.832255608,308.692580222,308.722510662,575
2021-01-07 04:15:00,309.091652754,309.091652754,308.812301982,308.812301982,1047
2021-01-06 20:00:00,307.724829332,308.283530877,307.724829332,308.283530877,7505
2021-01-06 19:45:00,307.724829332,307.724829332,307.645014826,307.674945266,1301
2021-01-06 19:30:00,307.515316253,307.595130759,307.405571307,307.595130759,3771
2021-01-06 19:15:00,307.984226478,307.984226478,307.50533944,307.555223506,3598
2021-01-06 19:00:00,308.074017798,308.074017798,307.984226478,307.984226478,430
2021-01-06 18:45:00,308.083994611,308.083994611,307.884458345,307.884458345,571
2021-01-06 18:30:00,308.133878678,308.133878678,308.133878678,308.133878678,202
2021-01-06 18:15:00,308.283530877,309.271235393,308.183762744,308.183762744,5196
2021-01-06 17:30:00,307.804643839,307.804643839,307.794667025,307.794667025,215
2021-01-06 17:15:00,307.884458345,307.984226478,307.884458345,307.984226478,310
2021-01-06 17:00:00,308.054064171,308.054064171,307.974249665,307.994203291,3346
2021-01-06 16:45:00,307.884458345,308.483067143,307.884458345,308.203716371,6317
2021-01-06 16:30:00,307.934342412,308.083994611,307.814620652,308.083994611,1545
2021-01-06 16:15:00,307.555223506,308.054064171,306.936661082,307.864504718,76131
2021-01-06 16:00:00,307.635038013,307.904411972,307.026452402,307.56520032,725430
2021-01-06 15:45:00,307.674945266,308.014156918,307.036429215,307.555223506,190816
2021-01-06 15:30:00,307.734806146,308.123901864,306.677263936,307.674945266,294962
2021-01-06 15:15:00,307.654991639,308.083994611,306.697217563,307.764736586,341608
2021-01-06 15:00:00,307.775212239,307.964272851,306.497681297,307.670954541,293789
2021-01-06 14:45:00,307.714852519,308.44315989,307.295826361,307.852432774,245145
2021-01-06 14:30:00,309.141536821,309.241304953,307.425524933,307.754759772,252393
2021-01-06 14:15:00,308.961954181,309.3510499,308.961954181,309.191420887,103119
2021-01-06 14:00:00,309.26125858,309.281212207,308.922046928,309.006849841,46049
2021-01-06 13:45:00,308.872162861,309.23132814,308.762417915,309.17146726,74836
2021-01-06 13:30:00,309.241304953,309.520655726,308.752441102,308.882139675,70105
2021-01-06 13:15:00,309.121583194,309.301165833,309.02081738,309.211374514,92185
2021-01-06 13:00:00,308.652672969,309.121483426,308.50302077,309.090655073,92648
2021-01-06 12:45:00,308.153832304,308.732487475,308.153832304,308.652672969,79307
2021-01-06 12:30:00,308.014156918,308.253600437,307.924365598,308.138767316,63356
2021-01-06 12:15:00,307.954296038,308.213693184,307.784690212,308.014156918,105527
2021-01-06 12:00:00,307.894435158,308.193739557,307.874481532,307.904411972,61645
2021-01-06 11:45:00,308.373322197,308.423206263,307.804643839,307.894435158,122621
2021-01-06 11:30:00,308.35336857,308.612765716,308.143855491,308.333414943,151375
2021-01-06 11:15:00,307.904411972,308.403252637,307.864504718,308.32343813,281996
2021-01-06 11:00:00,307.44547856,308.034110545,307.35568724,307.8745813,458460
2021-01-06 10:45:00,306.787008882,307.465432187,306.787008882,307.465432187,146055
2021-01-06 10:30:00,306.687240749,306.886777015,306.318697266,306.747101629,565235
2021-01-06 10:15:00,305.589791287,306.677263936,305.360324581,306.677263936,266203
2021-01-06 10:00:00,304.332712811,305.5997681,304.123199732,305.490023154,573015
2021-01-06 09:45:00,303.045703896,304.382596878,302.357303779,304.342689625,1046084
2021-01-06 09:30:00,303.015773456,303.165425656,302.796283564,303.055680709,10153
2021-01-06 09:15:00,303.165425656,303.295124228,303.045703896,303.095587963,6565
2021-01-06 09:00:00,303.66426632,303.734104014,302.945935763,303.005796643,14809
2021-01-06 08:45:00,303.554521374,303.7241272,303.464730055,303.7241272,14638
2021-01-06 08:30:00,303.245240162,303.734104014,303.245240162,303.714150387,14935
2021-01-06 08:15:00,303.574375233,303.714150387,302.297442899,303.335031482,14365
2021-01-06 08:00:00,303.614382254,303.704173574,303.345008295,303.504637308,5779
2021-01-06 07:45:00,304.153130172,304.153130172,303.624359067,303.684219947,6442
2021-01-06 07:30:00,304.212991052,304.372620065,304.093269292,304.153130172,5504
2021-01-06 07:15:00,304.083292479,304.212991052,303.8737794,304.093269292,9445
2021-01-06 07:00:00,303.75405764,303.993501159,303.75405764,303.973547533,8900
2021-01-06 06:45:00,303.66426632,303.893733026,303.514614121,303.823895333,1600
2021-01-06 06:30:00,303.544544561,303.84384896,303.315077855,303.84384896,2995
2021-01-06 06:15:00,304.053362039,304.103246106,303.983524346,304.093269292,4250
2021-01-06 06:00:00,304.332712811,304.382596878,304.123199732,304.123199732,5100
2021-01-06 05:45:00,303.564498187,304.242921492,303.554521374,304.242921492,5676
2021-01-06 05:30:00,303.863802586,303.973547533,303.823895333,303.833872147,3478
2021-01-06 05:15:00,303.793964893,304.013454786,303.793964893,303.863802586,2551
2021-01-06 05:00:00,303.235263349,303.893733026,303.235263349,303.504637308,3544
2021-01-06 04:45:00,303.115541589,303.115541589,303.015773456,303.015773456,1395
2021-01-06 04:30:00,302.896051697,303.085611149,302.896051697,302.985843016,4207
2021-01-06 04:15:00,302.187697953,302.187697953,302.147790699,302.147790699,630
2021-01-05 20:00:00,304.163106985,304.163106985,302.96588939,303.265193789,7742
2021-01-05 19:45:00,303.803941707,304.242921492,303.803941707,304.242921492,3929
2021-01-05 19:30:00,303.69419676,303.893733026,303.564498187,303.564498187,1004
2021-01-05 19:15:00,303.285147415,303.285147415,303.195356096,303.195356096,600
2021-01-05 18:45:00,302.896051697,302.985843016,302.766353124,302.985843016,1757
2021-01-05 18:30:00,302.99581983,302.99581983,302.99581983,302.99581983,331
2021-01-05 18:15:00,303.295124228,303.295124228,303.025750269,303.045703896,8848
2021-01-05 17:45:00,303.295124228,303.295124228,303.295124228,303.295124228,351
2021-01-05 17:30:00,303.145472029,303.145472029,303.095587963,303.095587963,389
2021-01-05 17:00:00,303.235263349,303.245240162,303.075634336,303.075634336,1102
2021-01-05 16:45:00,303.175402469,303.255216975,303.175402469,303.255216975,4100
2021-01-05 16:30:00,303.045703896,303.045703896,303.045703896,303.045703896,100
2021-01-05 16:15:00,303.195356096,303.295124228,303.025750269,303.105564776,92167
2021-01-05 16:00:00,303.594428627,304.013454786,303.035727083,303.155448842,410936
2021-01-05 15:45:00,303.255216975,303.69419676,303.085611149,303.69419676,91119
2021-01-05 15:30:00,303.793964893,303.793964893,303.185379282,303.335031482,237116
2021-01-05 15:15:00,303.494660494,304.043385226,303.449764835,303.794064661,67345
2021-01-05 15:00:00,303.923763234,303.973547533,303.444776428,303.464730055,63267
2021-01-05 14:45:00,304.143153359,304.342689625,303.923663466,303.927255119,84377
2021-01-05 14:30:00,303.933640279,304.183060612,303.8737794,304.083292479,79297
2021-01-05 14:15:00,303.185379282,304.193037425,303.145472029,303.90370984,202880
2021-01-05 14:00:00,302.871109663,303.134497534,302.866121257,303.11763672,45174
2021-01-05 13:45:00,302.90602851,303.015773456,302.77134153,302.866121257,27520
2021-01-05 13:30:00,302.846267398,302.916005323,302.776329937,302.916005323,41862
2021-01-05 13:15:00,303.012181803,303.035727083,302.746399497,302.826214004,27536
2021-01-05 13:00:00,302.726445871,303.025750269,302.606724111,302.99581983,48530
2021-01-05 12:45:00,302.487002351,302.90602851,302.427141472,302.696515431,30868
2021-01-05 12:30:00,302.497577774,302.656608177,302.257535646,302.473433885,48949
2021-01-05 12:15:00,302.02806894,302.856144443,302.02806894,302.525413083,70667
2021-01-05 12:00:00,302.197674766,302.274496228,301.958231247,301.96820806,64403
2021-01-05 11:45:00,301.666908298,302.257535646,301.666908298,302.177721139,61043
2021-01-05 11:30:00,300.97052673,301.808579047,300.681199145,301.698834101,148031
2021-01-05 11:15:00,301.219947063,301.579112341,300.905677444,301.050341237,81794
2021-01-05 11:00:00,300.766002058,302.05799938,300.762011332,301.199993436,151896
2021-01-05 10:45:00,301.898370367,301.90834718,300.701152771,300.751036838,122288
2021-01-05 10:30:00,302.606724111,302.646631364,301.579112341,301.828532674,133745
2021-01-05 10:15:00,302.626677738,303.145472029,302.207651579,302.586770484,215691
2021-01-05 10:00:00,302.836190817,302.916005323,302.257535646,302.447095098,147023
2021-01-05 09:45:00,301.229923876,303.205432677,301.160086183,302.736422684,345005
2021-01-05 09:30:00,301.050341237,301.409506515,301.00045717,301.170062996,6588
2021-01-05 09:15:00,300.332010679,300.87275396,300.272149799,300.87275396,3362
2021-01-05 09:00:00,300.960549917,300.960549917,300.351964306,300.351964306,6830
2021-01-05 08:45:00,300.930619477,301.100225303,300.671222331,301.100225303,3102
2021-01-05 08:30:00,301.15010937,301.15010937,300.830851344,300.830851344,555
2021-01-05 08:15:00,302.048022566,302.197275693,300.551500572,301.199993436,10253
2021-01-05 08:00:00,300.930619477,301.229923876,300.930619477,301.229923876,991
2021-01-05 07:45:00,300.571454198,300.890712224,300.571454198,300.721106398,1633
2021-01-05 07:30:00,301.110202116,301.110202116,300.691175958,300.691175958,4010
2021-01-05 07:15:00,301.609042781,301.609042781,301.100225303,301.100225303,1007
2021-01-05 07:00:00,301.619019595,301.619019595,301.619019595,301.619019595,2010
2021-01-05 06:45:00,302.08792982,302.08792982,302.08792982,302.08792982,200
2021-01-05 06:15:00,302.177721139,302.227605206,302.177721139,302.227605206,200
2021-01-05 05:15:00,302.02806894,302.02806894,302.02806894,302.02806894,196
2021-01-04 20:00:00,301.698834101,301.818555861,301.698834101,301.748718167,1285
2021-01-04 19:30:00,301.419483329,301.569135528,301.419483329,301.569135528,1131
2021-01-04 19:15:00,301.619019595,301.738741354,301.499297835,301.738741354,1472
2021-01-04 18:45:00,301.010433983,301.299761569,301.010433983,301.209970249,1700
2021-01-04 18:30:00,301.359622449,301.359622449,301.309738382,301.309738382,433
2021-01-04 18:15:00,301.449413769,301.449413769,301.00045717,301.279807942,1577
2021-01-04 17:45:00,301.449413769,301.449413769,301.449413769,301.449413769,401
2021-01-04 17:30:00,301.559158715,301.559258483,301.449413769,301.449413769,1183
2021-01-04 17:00:00,301.589089155,301.589089155,301.559158715,301.589089155,2754
2021-01-04 16:45:00,301.229923876,301.658926848,301.229923876,301.589089155,3429
2021-01-04 16:30:00,301.8484863,301.8484863,301.15010937,301.209970249,546
2021-01-04 16:15:00,301.579112341,301.958231247,301.239900689,301.239900689,82862
2021-01-04 16:00:00,301.259854316,302.02806894,301.170062996,301.579112341,383419
2021-01-04 15:45:00,300.431778812,301.359622449,300.202312106,301.239900689,216082
2021-01-04 15:30:00,300.521570132,300.611361452,300.1224976,300.451732439,97295
2021-01-04 15:15:00,300.601384638,300.681199145,299.873077268,300.471686065,153947
2021-01-04 15:00:00,300.142451227,300.721106398,299.633633748,300.631315078,129822
2021-01-04 14:45:00,300.451732439,300.451732439,299.743378695,300.21228892,124919
2021-01-04 14:30:00,300.1973237,300.611361452,300.052659907,300.461709252,93130
2021-01-04 14:15:00,300.741060024,300.770990464,299.843146828,300.252196173,177491
2021-01-04 14:00:00,300.212388688,300.820874531,300.172381667,300.751036838,112762
2021-01-04 13:45:00,300.411825186,300.511593319,299.945309396,300.18235848,88995
2021-01-04 13:30:00,299.763332321,300.701152771,299.763332321,300.411825186,104030
2021-01-04 13:15:00,299.054978577,299.853123641,298.935256818,299.778297541,130577
2021-01-04 13:00:00,298.376555273,299.244637798,298.251845107,299.143772216,108285
2021-01-04 12:45:00,299.174700337,299.18467715,298.346724601,298.452977663,146875
2021-01-04 12:30:00,298.2468567,299.294422096,298.047320434,299.219595997,206678
2021-01-04 12:15:00,299.074932204,299.493958362,298.21692626,298.25862934,218398
2021-01-04 12:00:00,299.962868587,300.06263672,298.685836485,299.174700337,191200
2021-01-04 11:45:00,300.361941119,300.401848372,299.683517815,299.853123641,133526
2021-01-04 11:30:00,300.621338265,300.711129585,300.052659907,300.381894746,180720
2021-01-04 11:15:00,301.249877503,301.519251462,299.364259789,300.681199145,360483
2021-01-04 11:00:00,302.340742268,302.340742268,300.770990464,301.259854316,273876
2021-01-04 10:45:00,302.739615264,302.81623719,302.117860259,302.349322328,176695
2021-01-04 10:30:00,303.345008295,303.394892361,302.546863231,302.766353124,160009
2021-01-04 10:15:00,304.332712811,304.502318637,303.345008295,303.364961922,245827
2021-01-04 10:00:00,304.831553476,304.861483916,303.833872147,304.282828745,206946
2021-01-04 09:45:00,305.879118872,305.948956565,304.312759185,304.881437543,517168
2021-01-04 09:30:00,306.278191404,306.288168218,305.869142059,305.869142059,17041
2021-01-04 09:15:00,306.367982724,306.497681297,306.318098657,306.387936351,9812
2021-01-04 09:00:00,306.358005911,306.358005911,306.208353711,306.208353711,1513
2021-01-04 08:45:00,306.517634923,306.517634923,306.407889977,306.467750857,1312
2021-01-04 08:30:00,306.607426243,306.607426243,306.298145031,306.41786679,15252
2021-01-04 08:15:00,306.796985696,306.936661082,305.290486888,306.687240749,3276
2021-01-04 08:00:00,306.62737987,306.796985696,306.62737987,306.796985696,950
2021-01-04 07:45:00,306.836892949,306.836892949,306.787008882,306.787008882,791
2021-01-04 07:15:00,306.896753829,306.926684269,306.687240749,306.687240749,21994
2021-01-04 06:30:00,307.186081414,307.186081414,307.026452402,307.026452402,1023
2021-01-04 06:00:00,306.986545148,306.986545148,306.986545148,306.986545148,101
2021-01-04 05:30:00,306.946637895,306.946637895,306.946637895,306.946637895,120
2021-01-04 05:00:00,307.106266908,307.116243721,307.016475588,307.016475588,1494
2021-01-04 04:45:00,306.767055256,306.986545148,306.607426243,306.986545148,2520
2021-01-04 04:15:00,306.487704484,306.487704484,306.437820417,306.47772767,1150
2020-12-31 20:00:00,305.240602821,305.240602821,305.160788315,305.160788315,1728
2020-12-31 19:45:00,305.290486888,305.290486888,305.240602821,305.240602821,597
2020-12-31 17:45:00,305.290486888,305.290486888,305.280510075,305.280510075,478
2020-12-31 17:00:00,305.090950622,305.160788315,305.090950622,305.160788315,6432
2020-12-31 16:45:00,305.280510075,305.320417328,305.090950622,305.090950622,23589
2020-12-31 16:30:00,304.991182489,305.290486888,304.991182489,305.290486888,40100
2020-12-31 16:15:00,305.100927435,305.529930407,305.100927435,305.280510075,42896
2020-12-31 16:00:00,304.552202704,305.579814473,304.533745599,305.031089742,708516
2020-12-31 15:45:00,304.622040397,304.971228862,304.432480944,304.582133144,252939
2020-12-31 15:30:00,304.69187809,304.831553476,304.627028804,304.641994024,96729
2020-12-31 15:15:00,304.143153359,304.75173897,304.143153359,304.662047418,135798
2020-12-31 15:00:00,304.302782371,304.312759185,304.108234512,304.123199732,44969
2020-12-31 14:45:00,304.003477973,304.332712811,303.983524346,304.302782371,93428
2020-12-31 14:30:00,303.634335881,304.103246106,303.634335881,303.973547533,111417
2020-12-31 14:15:00,303.185379282,303.66426632,303.055680709,303.66426632,108606
2020-12-31 14:00:00,303.065657523,303.115541589,302.99581983,303.105564776,29176
2020-12-31 13:45:00,303.295124228,303.320066262,303.037123837,303.037123837,56504
2020-12-31 13:30:00,303.354985108,303.434799615,303.285147415,303.295124228,59489
2020-12-31 13:15:00,303.275170602,303.394892361,303.245240162,303.354985108,56319
2020-12-31 13:00:00,303.265193789,303.384915548,303.245240162,303.265193789,68803
2020-12-31 12:45:00,303.145472029,303.265193789,303.135495216,303.255216975,32868
2020-12-31 12:30:00,302.99581983,303.165425656,302.983548349,303.155448842,17748
2020-12-31 12:15:00,302.925982136,303.075634336,302.896051697,303.065657523,27660
2020-12-31 12:00:00,302.925982136,303.115541589,302.87609807,302.945935763,42756
2020-12-31 11:45:00,302.886074883,302.99581983,302.796283564,302.945935763,60085
2020-12-31 11:30:00,302.896051697,303.025750269,302.84616763,302.879789491,51712
2020-12-31 11:15:00,302.955912576,303.105564776,302.736422684,302.896051697,45166
2020-12-31 11:00:00,303.149362986,303.255216975,302.92847634,302.96588939,35260
2020-12-31 10:45:00,303.354985108,303.375238039,303.105564776,303.135495216,41400
2020-12-31 10:30:00,303.424822801,303.494660494,303.335031482,303.354985108,60153
2020-12-31 10:15:00,303.005796643,303.434799615,302.975965971,303.394892361,76438
2020-12-31 10:00:00,302.872107345,303.075634336,302.856144443,303.025750269,90140
2020-12-31 09:45:00,303.295124228,303.305101042,302.646631364,302.858040038,239433
2020-12-31 09:30:00,303.255216975,303.295124228,303.195356096,303.245240162,2990
2020-12-31 09:15:00,303.185379282,303.315077855,303.155448842,303.215309722,9784
2020-12-31 09:00:00,303.235263349,303.237258711,303.21540949,303.235263349,1613
2020-12-31 08:45:00,303.175402469,303.175402469,303.125418634,303.145472029,562
2020-12-31 08:30:00,303.025750269,303.105564776,303.025750269,303.105564776,211
2020-12-31 08:15:00,303.355084876,303.355084876,302.925982136,303.005796643,3997
2020-12-31 08:00:00,303.145472029,303.145472029,303.135495216,303.135495216,1084
2020-12-31 07:45:00,303.045703896,303.145472029,303.045703896,303.145472029,1210
2020-12-31 07:30:00,303.175402469,303.255216975,303.105564776,303.225286535,2973
2020-12-31 07:15:00,303.354985108,303.354985108,303.354985108,303.354985108,290
2020-12-31 06:45:00,303.474706868,303.474706868,303.464730055,303.474706868,300
2020-12-31 06:15:00,303.295124228,303.295124228,303.295124228,303.295124228,500
2020-12-31 06:00:00,303.175402469,303.325054668,303.175402469,303.325054668,2100
2020-12-31 05:30:00,303.015773456,303.015773456,303.015773456,303.015773456,100
2020-12-31 05:15:00,302.826214004,302.836190817,302.826214004,302.836190817,1000
2020-12-31 05:00:00,302.81623719,302.925982136,302.81623719,302.925982136,532
2020-12-31 04:15:00,302.99581983,302.99581983,302.945935763,302.945935763,720
2020-12-30 20:00:00,303.84384896,303.84384896,303.81391852,303.81391852,1204
2020-12-30 19:30:00,303.823895333,303.823895333,303.823895333,303.823895333,200
2020-12-30 19:15:00,303.734104014,303.803941707,303.734104014,303.764034453,1110
2020-12-30 19:00:00,303.714150387,303.764034453,303.69419676,303.764034453,1080
2020-12-30 18:45:00,303.734104014,303.734104014,303.624359067,303.624359067,1460
2020-12-30 18:30:00,303.704173574,303.704173574,303.704173574,303.704173574,500
2020-12-30 18:15:00,303.584451814,303.594428627,303.584451814,303.594428627,600
2020-12-30 17:45:00,303.394892361,303.394892361,303.394892361,303.394892361,118
2020-12-30 17:00:00,303.424822801,303.454753241,303.424822801,303.424822801,2024
2020-12-30 16:45:00,303.464730055,303.504637308,303.414845988,303.434799615,1575
2020-12-30 16:30:00,303.175402469,303.584451814,303.115541589,303.584252278,5013
2020-12-30 16:15:00,303.384915548,303.504637308,303.185379282,303.335031482,12677
2020-12-30 16:00:00,303.634335881,303.983524346,303.195356096,303.404869175,542010
2020-12-30 15:45:00,303.454753241,303.793865125,303.404869175,303.624359067,61539
2020-12-30 15:30:00,303.464730055,303.484683681,303.285147415,303.424822801,48478
2020-12-30 15:15:00,303.305899187,303.444776428,303.155448842,303.444776428,21740
2020-12-30 15:00:00,303.374938735,303.534567748,303.194358414,303.275170602,150708
2020-12-30 14:45:00,303.325054668,303.464730055,303.155448842,303.404869175,75680
2020-12-30 14:30:00,303.504637308,303.504637308,303.345008295,303.345008295,24402
2020-12-30 14:15:00,303.7241272,303.792767676,303.424822801,303.564498187,68620
2020-12-30 14:00:00,303.893733026,303.953593906,303.7241272,303.7241272,21860
2020-12-30 13:45:00,303.893733026,303.953593906,303.714150387,303.883756213,28947
2020-12-30 13:30:00,304.153130172,304.183060612,303.883756213,303.883756213,25689
2020-12-30 13:15:00,304.043285458,304.212991052,304.043285458,304.158118579,35979
2020-12-30 13:00:00,304.023431599,304.053362039,303.84384896,304.004974495,31945
2020-12-30 12:45:00,304.043385226,304.123199732,303.933640279,304.003477973,21179
2020-12-30 12:30:00,304.233044447,304.26437164,304.093269292,304.163007217,28781
2020-12-30 12:15:00,304.143153359,304.272851932,304.023431599,304.252898305,36201
2020-12-30 12:00:00,304.402550504,304.402550504,304.113222919,304.133176545,92869
2020-12-30 11:45:00,304.083292479,304.382596878,304.053362039,304.382596878,69862
2020-12-30 11:30:00,304.252998073,304.422504131,304.173083799,304.173083799,45725
2020-12-30 11:15:00,304.173083799,304.352666438,304.125195095,304.262875118,54831
2020-12-30 11:00:00,304.073315666,304.242921492,304.013454786,304.183060612,48222
2020-12-30 10:45:00,304.043385226,304.272851932,303.973547533,304.078304072,74631
2020-12-30 10:30:00,303.734104014,304.013454786,303.66426632,303.983524346,26441
2020-12-30 10:15:00,304.003378204,304.216882009,303.657083015,303.766029816,94694
2020-12-30 10:00:00,303.923663466,303.983524346,303.704173574,303.953593906,132214
2020-12-30 09:45:00,303.404869175,303.90370984,303.364961922,303.90370984,153908
2020-12-30 09:30:00,303.245240162,303.394892361,303.165425656,303.394892361,4158
2020-12-30 09:15:00,303.165425656,303.165425656,303.015773456,303.125518402,2074
2020-12-30 09:00:00,303.285147415,303.295124228,303.075534568,303.075534568,6229
2020-12-30 08:45:00,303.374938735,303.374938735,303.325054668,303.325054668,563
2020-12-30 08:30:00,303.554621142,303.554621142,303.494660494,303.494660494,803
2020-12-30 08:15:00,303.584451814,303.84384896,303.315077855,303.544544561,3488
2020-12-30 07:45:00,303.444776428,303.444776428,303.295124228,303.335031482,1524
2020-12-30 07:15:00,303.574475001,303.584451814,303.464730055,303.464730055,5519
2020-12-30 07:00:00,303.594428627,303.674243134,303.584451814,303.674243134,930
2020-12-30 06:30:00,303.764034453,303.764034453,303.594428627,303.624359067,3125
2020-12-30 06:15:00,303.863802586,303.923663466,303.863802586,303.923663466,550
2020-12-30 05:45:00,303.793964893,303.81391852,303.793964893,303.81391852,400
2020-12-30 05:30:00,303.66426632,303.714150387,303.66426632,303.714150387,701
2020-12-30 05:15:00,303.564498187,303.564498187,303.564498187,303.564498187,100
2020-12-30 04:30:00,303.534567748,303.614382254,303.534567748,303.614382254,5500
2020-12-29 20:00:00,302.706492244,302.84616763,302.706492244,302.84616763,1760
2020-12-29 19:45:00,302.676561804,302.676561804,302.556840044,302.556840044,701
2020-12-29 19:30:00,302.397211032,302.546863231,302.397211032,302.536886418,1100
2020-12-29 19:15:00,302.606724111,302.606724111,302.407187845,302.407187845,4579
2020-12-29 18:45:00,302.676561804,302.84616763,302.676561804,302.84616763,602
2020-12-29 18:30:00,302.81623719,302.81623719,302.596747298,302.596747298,1621
2020-12-29 18:15:00,302.886074883,302.955912576,302.816336958,302.816336958,2175
2020-12-29 17:00:00,302.826214004,302.84616763,302.826214004,302.84616763,53000
2020-12-29 16:45:00,302.84616763,302.93595895,302.716469057,302.75637631,2913
2020-12-29 16:30:00,302.84616763,302.84616763,302.84616763,302.84616763,900
2020-12-29 16:15:00,302.75637631,302.886074883,302.616700924,302.886074883,22327
2020-12-29 16:00:00,303.025750269,303.065657523,302.472037131,302.706492244,266388
2020-12-29 15:45:00,303.065657523,303.095587963,302.896051697,303.035727083,67071
2020-12-29 15:30:00,302.816336958,303.105564776,302.726445871,303.055680709,53228
2020-12-29 15:15:00,302.496979165,302.829506352,302.367280592,302.829506352,49369
2020-12-29 15:00:00,302.307419712,302.636654551,302.197674766,302.487002351,41388
2020-12-29 14:45:00,302.191389373,302.377257405,302.112871853,302.337350152,41174
2020-12-29 14:30:00,302.147790699,302.367280592,301.9981385,302.177721139,62050
2020-12-29 14:15:00,302.506955978,302.556840044,302.08792982,302.08792982,57861
2020-12-29 14:00:00,302.387234218,302.666584991,302.297442899,302.546863231,34172
2020-12-29 13:45:00,302.426443095,302.472037131,302.33744992,302.33744992,36503
2020-12-29 13:30:00,302.297442899,302.536886418,302.287466085,302.506955978,42175
2020-12-29 13:15:00,302.378354855,302.387234218,301.988261455,302.327373339,94894
2020-12-29 13:00:00,302.392222625,302.427141472,301.93827762,302.407187845,97751
2020-12-29 12:45:00,302.985843016,302.985843016,302.257535646,302.378753927,107440
2020-12-29 12:30:00,303.045703896,303.190367689,302.75637631,302.99581983,58909
2020-12-29 12:15:00,303.289337677,303.345008295,303.035727083,303.065657523,31078
2020-12-29 12:00:00,303.255216975,303.414845988,303.135495216,303.245240162,65100
2020-12-29 11:45:00,303.275170602,303.315077855,303.125518402,303.255216975,38029
2020-12-29 11:30:00,302.852552791,303.273175239,302.736422684,303.215309722,62017
2020-12-29 11:15:00,303.514614121,303.514614121,302.856144443,302.86113285,73514
2020-12-29 11:00:00,303.604405441,303.604405441,303.275170602,303.524590934,48519
2020-12-29 10:45:00,303.523792789,303.614382254,303.315077855,303.584451814,49304
2020-12-29 10:30:00,303.345008295,303.863802586,303.295124228,303.514514353,97329
2020-12-29 10:15:00,303.614382254,304.023431599,303.285147415,303.340019888,115194
2020-12-29 10:00:00,304.512295451,304.651970837,303.414845988,303.624359067,176707
2020-12-29 09:45:00,304.72180853,304.991182489,304.332712811,304.482365011,345686
2020-12-29 09:30:00,304.701854903,304.821576663,304.592109957,304.72180853,17119
2020-12-29 09:15:00,304.741762157,304.81159985,304.72180853,304.761715783,839
2020-12-29 09:00:00,304.482365011,304.592109957,304.482365011,304.592109957,1159
2020-12-29 08:30:00,304.681901277,304.681901277,304.681901277,304.681901277,200
2020-12-29 08:15:00,304.641994024,305.150811502,304.452434571,304.63201721,7822
2020-12-29 08:00:00,304.452434571,304.522272264,304.452434571,304.472388198,3100
2020-12-29 07:45:00,304.622040397,304.622040397,304.622040397,304.622040397,400
2020-12-29 07:15:00,304.60208677,304.612063584,304.592109957,304.592109957,4497
2020-12-29 07:00:00,304.342689625,304.342689625,304.342689625,304.342689625,600
2020-12-29 06:45:00,304.352666438,304.352666438,304.352666438,304.352666438,200
2020-12-29 06:30:00,304.66194765,304.66194765,304.651970837,304.66194765,500
2020-12-29 05:45:00,304.84153029,304.871460729,304.84153029,304.871460729,301
2020-12-29 05:30:00,304.801623036,304.801623036,304.801623036,304.801623036,100
2020-12-29 04:45:00,304.831553476,304.831553476,304.831553476,304.831553476,100
2020-12-29 04:30:00,304.75173897,304.831553476,304.75173897,304.831553476,404
2020-12-29 04:15:00,305.011136116,305.011136116,305.011136116,305.011136116,100
2020-12-28 20:00:00,304.272851932,304.272851932,304.203014239,304.212991052,827
2020-12-28 19:45:00,304.272851932,304.302782371,304.252898305,304.282828745,8880
2020-12-28 19:30:00,304.232944678,304.462411384,304.212991052,304.222967865,5034
2020-12-28 19:15:00,303.983524346,304.242921492,303.983524346,304.242921492,290
2020-12-28 18:45:00,303.7241272,303.734104014,303.69419676,303.69419676,345
2020-12-28 18:30:00,303.614382254,303.69419676,303.614382254,303.69419676,1292
2020-12-28 18:15:00,303.345008295,303.514614121,303.345008295,303.514614121,4206
2020-12-28 18:00:00,303.424822801,303.424822801,303.345008295,303.345008295,524
2020-12-28 17:30:00,303.494660494,303.514614121,303.494660494,303.514614121,788
2020-12-28 17:00:00,303.305101042,303.335031482,303.295124228,303.335031482,883
2020-12-28 16:45:00,303.494660494,303.534567748,303.494660494,303.534567748,689
2020-12-28 16:30:00,303.394892361,303.394892361,303.345008295,303.345008295,3453
2020-12-28 16:15:00,303.325054668,303.494660494,303.165425656,303.484683681,20581
2020-12-28 16:00:00,303.354985108,303.494660494,303.225286535,303.295124228,177402
2020-12-28 15:45:00,303.325054668,303.434799615,303.095488194,303.364961922,129057
2020-12-28 15:30:00,303.534567748,303.584451814,303.325054668,303.345008295,54612
2020-12-28 15:15:00,303.614382254,303.634335881,303.484683681,303.524590934,40638
2020-12-28 15:00:00,303.624359067,303.674243134,303.544544561,303.594428627,43047
2020-12-28 14:45:00,303.534567748,303.629347474,303.494660494,303.614382254,63867
2020-12-28 14:30:00,303.514614121,303.66426632,303.494660494,303.514614121,39716
2020-12-28 14:15:00,303.354985108,303.544544561,303.305101042,303.511820613,69218
2020-12-28 14:00:00,303.235263349,303.374838967,303.105564776,303.364961922,43840
2020-12-28 13:45:00,303.055680709,303.265193789,303.045703896,303.245240162,34876
2020-12-28 13:30:00,303.270182195,303.275170602,303.025750269,303.065657523,48908
2020-12-28 13:15:00,303.075634336,303.275170602,303.070645929,303.275170602,23871
2020-12-28 13:00:00,303.313581333,303.325054668,303.025750269,303.085611149,46221
2020-12-28 12:45:00,303.205332909,303.325054668,303.195356096,303.325054668,54891
2020-12-28 12:30:00,303.335031482,303.384915548,303.086608831,303.175402469,50715
2020-12-28 12:15:00,303.305101042,303.424822801,303.215309722,303.335031482,75146
2020-12-28 12:00:00,303.601811469,303.644312694,303.275170602,303.335031482,60186
2020-12-28 11:45:00,303.554521374,303.66426632,303.484683681,303.594428627,84493
2020-12-28 11:30:00,303.64610852,303.674243134,303.534567748,303.574475001,51771
2020-12-28 11:15:00,303.923663466,303.93254283,303.644312694,303.66426632,62186
2020-12-28 11:00:00,304.083292479,304.143153359,303.893733026,303.923663466,87570
2020-12-28 10:45:00,304.242921492,304.442457758,304.023431599,304.103146337,161722
2020-12-28 10:30:00,303.78398808,304.292805558,303.684219947,304.252898305,148163
2020-12-28 10:15:00,303.190367689,303.833872147,303.185379282,303.77760292,160944
2020-12-28 10:00:00,303.015773456,303.424723033,302.95092417,303.225186767,209438
2020-12-28 09:45:00,302.985843016,303.055680709,302.648327422,303.005796643,246836
2020-12-28 09:30:00,303.005796643,303.035727083,302.866121257,302.955912576,17208
2020-12-28 09:15:00,302.916005323,303.015773456,302.916005323,303.015773456,2140
2020-12-28 09:00:00,302.99581983,302.99581983,302.955912576,302.99581983,8051
2020-12-28 08:45:00,302.925982136,302.99581983,302.925982136,302.99581983,1484
2020-12-28 08:30:00,302.975866203,302.975866203,302.975866203,302.975866203,785
2020-12-28 08:15:00,302.936358022,303.035727083,302.896051697,302.945835995,3759
2020-12-28 08:00:00,303.015773456,303.045703896,302.99581983,303.045703896,5750
2020-12-28 07:45:00,302.945935763,302.945935763,302.945935763,302.945935763,143
2020-12-28 07:30:00,302.886074883,302.945935763,302.886074883,302.945935763,919
2020-12-28 07:15:00,302.90602851,302.985843016,302.87609807,302.87609807,21065
2020-12-28 07:00:00,303.105564776,303.105564776,303.105564776,303.105564776,174
2020-12-28 06:45:00,303.105564776,303.105564776,303.105564776,303.105564776,200
2020-12-28 06:30:00,303.145472029,303.145472029,302.99581983,302.99581983,200
2020-12-28 06:15:00,302.925982136,303.454753241,302.925982136,303.454753241,1059
2020-12-28 06:00:00,302.746399497,302.796283564,302.746399497,302.796283564,210
2020-12-28 05:45:00,302.646631364,302.746399497,302.646631364,302.746399497,400
2020-12-28 05:30:00,302.726445871,302.726445871,302.646631364,302.646631364,806
2020-12-28 04:45:00,302.596747298,302.656608177,302.576793671,302.646631364,2315
2020-12-28 04:15:00,302.297442899,302.626677738,302.297442899,302.616700924,356
2020-12-24 16:15:00,301.09024849,301.09024849,301.09024849,301.09024849,700
2020-12-24 15:45:00,301.319715196,301.319715196,301.319715196,301.319715196,0
2020-12-24 13:15:00,301.319715196,301.319715196,301.319715196,301.319715196,2463
2020-12-24 13:00:00,300.800920904,301.399529702,300.800920904,301.389552889,223519
2020-12-24 12:45:00,300.741060024,300.950573104,300.691175958,300.840828157,101251
2020-12-24 12:30:00,300.641291891,300.731083211,300.461709252,300.731083211,84711
2020-12-24 12:15:00,300.541523759,300.721106398,300.232242546,300.651268705,69557
2020-12-24 12:00:00,300.591407825,300.603380001,300.361941119,300.541523759,45366
2020-12-24 11:45:00,300.701152771,300.879737729,300.551500572,300.611361452,81576
2020-12-24 11:30:00,301.169963228,301.183631462,300.711129585,300.721106398,54691
2020-12-24 11:15:00,300.97052673,301.219947063,300.900689037,301.15010937,115989
2020-12-24 11:00:00,300.764605304,301.050341237,300.711129585,301.050341237,86812
2020-12-24 10:45:00,301.040364423,301.080271677,300.795932498,300.809900036,40111
2020-12-24 10:30:00,300.94059629,301.130155743,300.900689037,301.100225303,41236
2020-12-24 10:15:00,301.110202116,301.110202116,300.840828157,300.950573104,58361
2020-12-24 10:00:00,300.91066585,301.130155743,300.651268705,301.09024849,69072
2020-12-24 09:45:00,300.960549917,301.209970249,300.741060024,300.97052673,155246
2020-12-24 09:30:00,300.990480357,301.00045717,300.860781784,300.870758597,15186
2020-12-24 09:15:00,301.040364423,301.040364423,301.00045717,301.040364423,2099
2020-12-24 09:00:00,300.950573104,300.979505862,300.930619477,300.979505862,402
2020-12-24 08:45:00,301.03038761,301.040364423,300.94059629,300.980503544,808
2020-12-24 08:30:00,300.990480357,300.990480357,300.990480357,300.990480357,602
2020-12-24 08:15:00,301.199993436,301.429460142,300.980503544,301.00045717,1551
2020-12-24 08:00:00,301.080271677,301.080271677,301.06031805,301.06031805,310
2020-12-24 07:45:00,300.890712224,300.890712224,300.880735411,300.890712224,1313
2020-12-24 07:30:00,301.15010937,301.15010937,301.140132556,301.140132556,208
2020-12-24 07:15:00,301.160086183,301.160086183,301.15010937,301.160086183,5615
2020-12-24 06:30:00,301.249877503,301.249877503,301.199993436,301.199993436,3110
2020-12-24 06:15:00,301.199993436,301.199993436,301.199993436,301.199993436,500
2020-12-24 06:00:00,301.429460142,301.429460142,301.289784756,301.289784756,1450
2020-12-23 20:00:00,300.980503544,300.980503544,300.94059629,300.950573104,3580
2020-12-23 19:45:00,301.00045717,301.00045717,301.00045717,301.00045717,100
2020-12-23 19:30:00,301.070294863,301.070294863,300.860781784,300.890712224,400
2020-12-23 19:15:00,301.15010937,301.199993436,301.15010937,301.160086183,2065
2020-12-23 18:45:00,300.950573104,300.950573104,300.950573104,300.950573104,100
2020-12-23 18:30:00,301.110202116,301.110202116,301.110202116,301.110202116,100
2020-12-23 18:15:00,300.91066585,300.91066585,300.91066585,300.91066585,420
2020-12-23 17:00:00,300.850804971,300.850804971,300.711129585,300.711129585,599
2020-12-23 16:45:00,300.561477385,300.830851344,300.531546945,300.830851344,7780
2020-12-23 16:30:00,300.681199145,300.681199145,300.681199145,300.681199145,1200
2020-12-23 16:15:00,300.531546945,300.761013651,300.381894746,300.581431012,203461
2020-12-23 16:00:00,301.584100748,301.698834101,300.441755626,300.571454198,253236
2020-12-23 15:45:00,301.399529702,301.628996408,301.359622449,301.579112341,83735
2020-12-23 15:30:00,301.574123935,301.65882708,301.299761569,301.399529702,310553
2020-12-23 15:15:00,301.549181902,301.698834101,301.499297835,301.579112341,60534
2020-12-23 15:00:00,301.768073185,301.828532674,301.489321022,301.549181902,39171
2020-12-23 14:45:00,301.676585807,301.96820806,301.673892068,301.803590641,38993
2020-12-23 14:30:00,301.96820806,301.96820806,301.648950034,301.663915254,33235
2020-12-23 14:15:00,301.86345152,301.958231247,301.823544267,301.928300807,45638
2020-12-23 14:00:00,301.993150093,302.038045753,301.828532674,301.858463114,45356
2020-12-23 13:45:00,301.958231247,302.087830051,301.868439927,301.96820806,53990
2020-12-23 13:30:00,302.018092126,302.018092126,301.8484863,301.958231247,56643
2020-12-23 13:15:00,301.788625421,302.04512929,301.778648607,302.02806894,45036
2020-12-23 13:00:00,301.768671794,301.838509487,301.648950034,301.788625421,34919
2020-12-23 12:45:00,301.449413769,301.838409719,301.440035564,301.768671794,46432
2020-12-23 12:30:00,301.619019595,301.658926848,301.379576075,301.459390582,37783
2020-12-23 12:15:00,301.559158715,301.628996408,301.484332615,301.628996408,47302
2020-12-23 12:00:00,301.312232586,301.559158715,301.312232586,301.559158715,42992
2020-12-23 11:45:00,301.529228275,301.569135528,301.190016623,301.309738382,52062
2020-12-23 11:30:00,301.489321022,301.645158845,301.419483329,301.514761896,65783
2020-12-23 11:15:00,301.18003981,301.489321022,301.06031805,301.489321022,44274
2020-12-23 11:00:00,301.145120963,301.259754548,301.020410797,301.18003981,94110
2020-12-23 10:45:00,300.930619477,301.33178714,300.860781784,301.162779923,59335
2020-12-23 10:30:00,301.289784756,301.299761569,300.825862937,300.91066585,158021
2020-12-23 10:15:00,301.419483329,301.698834101,301.160086183,301.249877503,116387
2020-12-23 10:00:00,301.199993436,301.638973221,300.850804971,301.419483329,232514
2020-12-23 09:45:00,300.501616505,301.379476307,300.501616505,301.18003981,350644
2020-12-23 09:30:00,300.302080239,300.561477385,300.302080239,300.521570132,9107
2020-12-23 09:15:00,300.132474413,300.21228892,300.114516149,300.202312106,2030
2020-12-23 09:00:00,300.102543973,300.202312106,300.072613534,300.142451227,4628
2020-12-23 08:45:00,299.803239575,300.06263672,299.803239575,300.06263672,2203
2020-12-23 08:30:00,299.903007707,299.903007707,299.903007707,299.903007707,220
2020-12-23 08:15:00,300.02312854,300.172381667,299.813216388,299.972845401,6952
2020-12-23 08:00:00,299.922961334,299.922961334,299.922961334,299.922961334,323
2020-12-23 07:45:00,299.863100454,299.863100454,299.863100454,299.863100454,100
2020-12-23 07:30:00,299.853123641,299.853123641,299.793262761,299.793262761,1101
2020-12-23 07:15:00,300.1224976,300.1224976,299.813216388,299.843146828,3166
2020-12-23 06:45:00,300.06263672,300.06263672,300.022729467,300.022729467,700
2020-12-23 06:00:00,300.252196173,300.312057053,300.252196173,300.312057053,300
2020-12-23 05:45:00,300.1224976,300.1224976,300.1224976,300.1224976,100
2020-12-23 05:30:00,300.222265733,300.252196173,300.222265733,300.252196173,600
2020-12-23 05:15:00,300.312057053,300.312057053,300.312057053,300.312057053,254
2020-12-23 04:45:00,300.022729467,300.022729467,300.022729467,300.022729467,100
2020-12-23 04:30:00,300.15242804,300.162404853,300.022729467,300.022729467,1100
2020-12-23 04:15:00,300.052659907,300.082590347,300.052659907,300.072613534,5500
2020-12-22 20:00:00,298.865419125,298.905326378,297.638271089,297.937575488,8874
2020-12-22 19:45:00,299.245535711,299.245535711,298.975164071,299.035024951,4699
2020-12-22 19:30:00,299.853123641,299.853123641,299.284445283,299.284445283,5266
2020-12-22 19:15:00,300.00277584,300.00277584,299.743378695,299.743378695,1434
2020-12-22 19:00:00,299.763332321,299.952891774,299.763332321,299.873077268,2452
2020-12-22 18:45:00,299.553819242,299.733401881,299.553819242,299.733401881,1710
2020-12-22 18:30:00,299.464027922,299.503935176,299.454051109,299.454051109,652
2020-12-22 18:15:00,299.324352536,299.483981549,299.284445283,299.483981549,2905
2020-12-22 17:45:00,299.27446847,299.27446847,299.27446847,299.27446847,281
2020-12-22 17:30:00,299.454051109,299.454051109,299.454051109,299.454051109,300
2020-12-22 17:15:00,299.454051109,299.454051109,299.454051109,299.454051109,104
2020-12-22 17:00:00,299.474004736,299.474004736,299.30439891,299.30439891,2875
2020-12-22 16:45:00,299.27446847,299.503935176,299.27446847,299.384213416,1347
2020-12-22 16:30:00,299.474004736,299.493958362,299.474004736,299.493958362,867
2020-12-22 16:15:00,299.414143856,299.543842429,299.074932204,299.314375723,18229
2020-12-22 16:00:00,299.384213416,299.643610562,299.18467715,299.394190229,277008
2020-12-22 15:45:00,299.414143856,299.553819242,299.164424219,299.424120669,318744
2020-12-22 15:30:00,299.643610562,299.69339486,299.374236603,299.379225009,92182
2020-12-22 15:15:00,299.982822214,300.082590347,299.474004736,299.653587375,91213
2020-12-22 15:00:00,299.723425068,300.002676072,299.618668529,299.962868587,50540
2020-12-22 14:45:00,300.162404853,300.162404853,299.663564188,299.773309135,298013
2020-12-22 14:30:00,300.232242546,300.322033866,300.102543973,300.18235848,35863
2020-12-22 14:15:00,300.391871559,300.436767219,300.052659907,300.19622625,59560
2020-12-22 14:00:00,300.406836779,300.611361452,300.361941119,300.391871559,25963
2020-12-22 13:45:00,300.53932886,300.631315078,300.371917932,300.396859966,38193
2020-12-22 13:30:00,300.481662879,300.551500572,300.351964306,300.551500572,25995
2020-12-22 13:15:00,300.351964306,300.481662879,300.21228892,300.461709252,38418
2020-12-22 13:00:00,300.272149799,300.361641815,300.142451227,300.247207766,29367
2020-12-22 12:45:00,299.992799027,300.312057053,299.912984521,300.292103426,48018
2020-12-22 12:30:00,300.232242546,300.292103426,299.942914961,299.942914961,26068
2020-12-22 12:15:00,299.977833807,300.202212338,299.883054081,300.191537148,72850
2020-12-22 12:00:00,299.653587375,300.052659907,299.424120669,299.982822214,97471
2020-12-22 11:45:00,300.551500572,300.564769733,299.493958362,299.653487607,139292
2020-12-22 11:30:00,300.591308057,300.820874531,300.42279968,300.481662879,69201
2020-12-22 11:15:00,300.132474413,300.641291891,299.992799027,300.601384638,83393
2020-12-22 11:00:00,300.411825186,300.530449496,299.952891774,300.06263672,86279
2020-12-22 10:45:00,300.411825186,300.681199145,300.323630156,300.371917932,58882
2020-12-22 10:30:00,299.863100454,300.441755626,299.833170014,300.441755626,55431
2020-12-22 10:15:00,300.012752654,300.322033866,299.543842429,299.774705888,155049
2020-12-22 10:00:00,300.341987493,300.631315078,299.753355508,300.00277584,129336
2020-12-22 09:45:00,301.140132556,301.18003981,300.21228892,300.371917932,201230
2020-12-22 09:30:00,301.299761569,301.389552889,301.080271677,301.080271677,7307
2020-12-22 09:15:00,301.309738382,301.329692009,301.190016623,301.329692009,4478
2020-12-22 09:00:00,301.399529702,301.449413769,301.389552889,301.389552889,8232
2020-12-22 08:45:00,301.359622449,301.429460142,301.359622449,301.389552889,9029
2020-12-22 08:30:00,301.579112341,301.579112341,301.339668822,301.339668822,5216
2020-12-22 08:15:00,301.389652657,301.698834101,299.673541002,301.459390582,12454
2020-12-22 08:00:00,301.648950034,301.708810914,301.509274648,301.539205088,4145
2020-12-22 07:45:00,301.539205088,301.619019595,301.539205088,301.619019595,1807
2020-12-22 07:30:00,301.569135528,301.569135528,301.569135528,301.569135528,357
2020-12-22 07:15:00,301.269831129,301.549181902,301.249877503,301.489321022,5047
2020-12-22 06:45:00,301.379576075,301.419483329,301.379576075,301.419483329,1700
2020-12-22 06:30:00,301.389552889,301.399529702,301.389552889,301.399529702,1109
2020-12-22 06:00:00,301.010433983,301.010433983,301.010433983,301.010433983,300
2020-12-21 20:00:00,300.97052673,300.97052673,300.491639692,300.521570132,4377
2020-12-21 19:45:00,300.930619477,301.010433983,300.880735411,300.920642664,2979
2020-12-21 19:30:00,301.369599262,301.369599262,301.00045717,301.00045717,604
2020-12-21 19:15:00,301.299761569,301.439436955,301.299761569,301.439436955,336
2020-12-21 19:00:00,301.209970249,301.209970249,301.170062996,301.170062996,630
2020-12-21 18:45:00,301.15010937,301.15010937,301.010433983,301.010433983,4307
2020-12-21 18:30:00,301.399529702,301.399529702,301.18003981,301.18003981,1204
2020-12-21 18:15:00,301.249877503,301.569135528,301.249877503,301.569135528,1942
2020-12-21 17:30:00,301.199993436,301.199993436,301.199993436,301.199993436,909
2020-12-21 17:15:00,301.070294863,301.15010937,300.701152771,300.701152771,3650
2020-12-21 17:00:00,301.199993436,301.209970249,301.12017893,301.199993436,2214
2020-12-21 16:45:00,301.110202116,301.110202116,301.09024849,301.100225303,1550
2020-12-21 16:30:00,301.080271677,301.080271677,301.080271677,301.080271677,946
2020-12-21 16:15:00,301.349645636,301.439436955,300.920642664,301.130155743,145230
2020-12-21 16:00:00,300.790944091,301.609042781,300.341987493,301.359622449,758110
2020-12-21 15:45:00,301.369599262,301.439436955,300.762011332,300.811097254,352648
2020-12-21 15:30:00,301.439436955,301.445023971,301.130155743,301.41888472,73893
2020-12-21 15:15:00,301.658926848,301.738741354,301.12017893,301.469367395,104845
2020-12-21 15:00:00,301.898370367,302.01200627,301.569135528,301.619019595,61735
2020-12-21 14:45:00,301.918323993,302.267512459,301.808579047,301.87841674,160298
2020-12-21 14:30:00,301.633984815,302.05799938,301.569135528,301.96820806,340011
2020-12-21 14:15:00,301.619019595,301.658926848,301.289784756,301.619019595,136118
2020-12-21 14:00:00,301.818555861,301.858463114,301.429460142,301.633984815,150048
2020-12-21 13:45:00,301.429460142,301.96820806,301.399529702,301.889191699,268242
2020-12-21 13:30:00,301.190016623,301.449413769,301.078176546,301.433949708,153056
2020-12-21 13:15:00,301.061515268,301.329692009,300.97052673,301.130155743,147619
2020-12-21 13:00:00,300.491639692,301.249877503,300.491639692,301.09024849,176846
2020-12-21 12:45:00,300.491639692,300.830851344,300.431778812,300.471686065,128877
2020-12-21 12:30:00,299.772211685,300.511593319,299.772211685,300.501616505,104357
2020-12-21 12:15:00,299.583749682,299.992799027,299.583749682,299.713448255,71945
2020-12-21 12:00:00,299.454051109,299.803239575,299.344306163,299.563796055,59887
2020-12-21 11:45:00,299.164723524,299.558807649,299.114839457,299.442577774,74974
2020-12-21 11:30:00,299.204630777,299.394190229,298.815535058,299.134793084,104137
2020-12-21 11:15:00,298.286763953,299.264491656,298.167042194,299.18467715,144113
2020-12-21 11:00:00,297.867737795,298.485701611,297.48861889,298.296740767,190348
2020-12-21 10:45:00,297.33896669,297.997436368,296.939894158,297.897668235,171990
2020-12-21 10:30:00,297.558456583,297.748016035,296.730381079,297.299059437,204712
2020-12-21 10:15:00,298.845465498,299.00299938,297.24917537,297.688155156,412165
2020-12-21 10:00:00,299.174700337,299.863100454,298.895349565,298.905326378,293514
2020-12-21 09:45:00,298.097204501,299.553320401,297.817853728,299.15474671,686424
2020-12-21 09:30:00,298.206949447,298.2468567,297.887691422,298.107181314,24748
2020-12-21 09:15:00,297.30903625,298.057297248,297.089546358,298.057297248,9930
2020-12-21 09:00:00,297.059615918,297.358920317,296.929917345,297.269128997,19542
2020-12-21 08:45:00,296.810195585,297.36889713,296.46100712,297.109499984,14321
2020-12-21 08:30:00,296.40114624,296.710427452,295.982120082,296.710427452,31070
2020-12-21 08:15:00,297.059615918,301.359622449,296.002472781,296.411123054,65666
2020-12-21 08:00:00,297.039662291,297.418781197,296.989778225,297.069592731,28129
2020-12-21 07:45:00,296.720404266,297.189314491,296.391169427,296.969824598,31212
2020-12-21 07:30:00,297.418781197,297.418781197,296.251494041,296.610659319,57512
2020-12-21 07:15:00,296.40114624,297.578410209,296.40114624,297.269128997,58241
2020-12-21 07:00:00,296.590705693,297.009731851,296.221563601,296.221563601,4541
2020-12-21 06:45:00,295.742676563,296.630612946,295.742676563,296.441053493,4418
2020-12-21 06:30:00,295.912282389,296.002073708,295.293719964,295.473302604,2885
2020-12-21 06:15:00,294.715064793,296.022027335,294.715064793,296.022027335,3103
2020-12-21 06:00:00,296.141749095,296.141749095,293.537800824,294.335945888,7949
2020-12-21 05:45:00,295.323650404,296.909963718,295.303696778,296.3712158,4473
2020-12-21 05:30:00,297.149407238,297.24917537,295.882351949,295.882351949,2436
2020-12-21 05:15:00,298.30671758,298.30671758,297.289082624,297.528526143,897
2020-12-21 05:00:00,299.025048137,299.074932204,298.526207473,298.596045166,3193
2020-12-21 04:45:00,299.893030894,299.962868587,299.194653963,299.194653963,1212
2020-12-21 04:30:00,300.292103426,300.292103426,300.1224976,300.1224976,1108
2020-12-21 04:15:00,300.24221936,300.24221936,300.142451227,300.142451227,380
2020-12-18 20:00:00,302.646631364,302.716469057,302.566816858,302.566816858,5756
2020-12-18 19:45:00,302.566816858,302.566816858,302.566816858,302.566816858,130
2020-12-18 19:30:00,302.776329937,302.776329937,302.746399497,302.746399497,3576
2020-12-18 19:15:00,302.746299729,302.746399497,302.676561804,302.746399497,3612
2020-12-18 19:00:00,302.596747298,302.616700924,302.596747298,302.616700924,555
2020-12-18 18:45:00,302.467048725,302.506955978,302.467048725,302.506955978,2673
2020-12-18 18:30:00,302.746399497,302.746399497,302.746399497,302.746399497,574
2020-12-18 18:15:00,302.78630675,302.78630675,302.746399497,302.746399497,404
2020-12-18 18:00:00,302.696515431,302.696515431,302.526909605,302.556840044,2058
2020-12-18 17:45:00,302.636654551,302.636654551,302.636654551,302.636654551,212
2020-12-18 17:30:00,302.796283564,302.896051697,302.696515431,302.796283564,1523
2020-12-18 17:15:00,303.025750269,303.025750269,302.596747298,302.696515431,8831
2020-12-18 17:00:00,302.536886418,302.99581983,302.526909605,302.84616763,12503
2020-12-18 16:45:00,301.698834101,302.496979165,301.698834101,302.397211032,16084
2020-12-18 16:30:00,301.499297835,301.798602234,301.499297835,301.599065968,6776
2020-12-18 16:15:00,301.199993436,301.768671794,301.199993436,301.758694981,50197
2020-12-18 16:00:00,300.501616505,302.077953006,300.461709252,301.15010937,778855
2020-12-18 15:45:00,299.663564188,300.571454198,299.653587375,300.491639692,225750
2020-12-18 15:30:00,300.06263672,300.232242546,299.533865616,299.673541002,143568
2020-12-18 15:15:00,299.962569283,300.292103426,299.813216388,300.03270628,79717
2020-12-18 15:00:00,300.082590347,300.204507005,299.723425068,299.962868587,93660
2020-12-18 14:45:00,300.022729467,300.202312106,299.952891774,300.042683094,144562
2020-12-18 14:30:00,300.022729467,300.222265733,299.903007707,300.022729467,59982
2020-12-18 14:15:00,300.381894746,300.381894746,299.853123641,300.114715686,95017
2020-12-18 14:00:00,300.371917932,300.434672088,300.302080239,300.401848372,46751
2020-12-18 13:45:00,300.540127005,300.540127005,300.162404853,300.361941119,37298
2020-12-18 13:30:00,300.711129585,300.711129585,300.341987493,300.581431012,34526
2020-12-18 13:15:00,300.780967278,300.790944091,300.611361452,300.751036838,21042
2020-12-18 13:00:00,301.190016623,301.199993436,300.671222331,300.780967278,98720
2020-12-18 12:45:00,300.741060024,301.309738382,300.661245518,301.18213494,157119
2020-12-18 12:30:00,300.641291891,300.91066585,300.60288116,300.741060024,42610
2020-12-18 12:15:00,300.471686065,300.661245518,300.441755626,300.582727997,23084
2020-12-18 12:00:00,300.262172986,300.641291891,300.262172986,300.481662879,82231
2020-12-18 11:45:00,300.341987493,300.381894746,300.15242804,300.272149799,169659
2020-12-18 11:30:00,300.012752654,300.551500572,299.703471442,300.346975899,122507
2020-12-18 11:15:00,300.790944091,300.895700631,299.992799027,300.012752654,123948
2020-12-18 11:00:00,300.770990464,300.920642664,300.401848372,300.780967278,174897
2020-12-18 10:45:00,300.646280298,300.880735411,300.471686065,300.840329317,100239
2020-12-18 10:30:00,301.499297835,301.509274648,300.441755626,300.641291891,243274
2020-12-18 10:15:00,301.409506515,301.579112341,300.860781784,301.474355802,152380
2020-12-18 10:00:00,301.838509487,301.898370367,301.020410797,301.459390582,198909
2020-12-18 09:45:00,302.367280592,302.437118285,301.798602234,301.838509487,451965
2020-12-18 09:30:00,302.117860259,302.467048725,302.117860259,302.367280592,32232
2020-12-18 09:15:00,301.988161687,302.217628392,301.988161687,302.207651579,2035
2020-12-18 09:00:00,302.127837073,302.137813886,302.048022566,302.048022566,1205
2020-12-18 08:45:00,302.008115313,302.177721139,302.008115313,302.177721139,2784
2020-12-18 08:30:00,302.137813886,302.137813886,301.948254433,301.9981385,1335
2020-12-18 08:15:00,302.457071912,302.457071912,301.359622449,302.137813886,7048
2020-12-18 08:00:00,302.277489272,302.287466085,302.207651579,302.207651579,4250
2020-12-18 07:45:00,302.377257405,302.377257405,302.377257405,302.377257405,206
2020-12-18 07:30:00,302.277489272,302.357303779,302.277489272,302.357303779,625
2020-12-18 07:15:00,302.277489272,302.506955978,302.277489272,302.297442899,13908
2020-12-18 07:00:00,302.317396525,302.317396525,302.317396525,302.317396525,407
2020-12-18 06:15:00,302.337350152,302.337350152,302.117860259,302.117860259,10821
2020-12-18 05:45:00,302.187697953,302.187697953,302.02806894,302.02806894,1353
2020-12-18 05:30:00,302.217628392,302.217628392,302.217628392,302.217628392,100
2020-12-18 05:00:00,302.077953006,302.077953006,302.077953006,302.077953006,1500
2020-12-18 04:30:00,302.137813886,302.207651579,302.117860259,302.147790699,3000
2020-12-18 04:15:00,302.048022566,302.75637631,302.048022566,302.746399497,5927
